Név;Irányítószám;Életkor;E-mail cím;TAJ szám
John Doe2;2061;60;john.doe@example.com;123456788
Jane Doe3;2091;61;jane.doe@example.com;987654322
John Doe21;2061;62;john.doe@example.com;123456788
Jane Doe32;2091;63;jane.doe@example.com;987654322
John Doe23;2061;65;john.doe@example.com;123456788
Jane Doe34;2091;65;jane.doe@example.com;987654322
John Doe25;2061;66;john.doe@example.com;123456788
Jane Doe36;2091;67;jane.doe@example.com;987654322
John Doe27;2061;67;john.doe@example.com;123456788
Jane Doe38;2091;68;jane.doe@example.com;987654322
John Doe29;2061;69;john.doe@example.com;123456788
Jane Doe3ö2091;70;jane.doe@example.com;987654322
John Doe2q;2061;60;john.doe@example.com;123456788
Jane Doe3w;2091;40;jane.doe@example.com;987654322
John Doe2ee;2061;60;john.doe@example.com;123456788
Jane Doe3r;2091;40;jane.doe@example.com;987654322
John Doe2t;2061;60;john.doe@example.com;123456788
Jane Doe3z;2091;40;jane.doe@example.com;987654322
John Doe2u;2061;60;john.doe@example.com;123456788
Jane Doe3i;2091;40;jane.doe@example.com;987654322
John Doe2x;2061;60;john.doe@example.com;123456788
Jane Doe3c;2091;40;jane.doe@example.com;987654322
John Doe211;2061;60;john.doe@example.com;123456788
Jane Doe322;2091;40;jane.doe@example.com;987654322
John Doe222;2061;60;john.doe@example.com;123456788
Jane Doe333;2091;40;jane.doe@example.com;987654322
John Doe244;2061;60;john.doe@example.com;123456788
Jane Doe355;2091;40;jane.doe@example.com;987654322
John Doe266;2061;60;john.doe@example.com;123456788
Jane Doe377;2091;40;jane.doe@example.com;987654322
John Doe288;2061;60;john.doe@example.com;123456788
Jane Doe3qq;2091;40;jane.doe@example.com;987654322
John Doe2ww;2061;60;john.doe@example.com;123456788
Jane Doe3ee;2091;40;jane.doe@example.com;987654322
John Doe2rr;2061;60;john.doe@example.com;123456788
Jane Doe3tt;2091;40;jane.doe@example.com;987654322
John Doe2zz;2061;60;john.doe@example.com;123456788
Jane Doe3uu;2091;40;jane.doe@example.com;987654322
John Doe2ii;2061;60;john.doe@example.com;123456788
Jane Doe3aa;2091;40;jane.doe@example.com;987654322
John Doe2ss;2061;60;john.doe@example.com;123456788
Jane Doe3dd;2091;40;jane.doe@example.com;987654322
John Doe2ff;2061;60;john.doe@example.com;123456788
Jane Doe3gg;2091;40;jane.doe@example.com;987654322
John Doe2hh;2061;60;john.doe@example.com;123456788
Jane Doe3jj;2091;40;jane.doe@example.com;987654322
